Entity,Code,Day,Monthly concentration of atmospheric carbon dioxide,Rolling yearly average of the concentration of atmospheric carbon dioxide
World,OWID_WRL,1979-01-15,336.56,
World,OWID_WRL,1979-02-15,337.29,
World,OWID_WRL,1979-03-15,337.88,
World,OWID_WRL,1979-04-15,338.32,
World,OWID_WRL,1979-05-15,338.26,
World,OWID_WRL,1979-06-15,337.38,
World,OWID_WRL,1979-07-15,335.56,
World,OWID_WRL,1979-08-15,334.36,
World,OWID_WRL,1979-09-15,335.02,
World,OWID_WRL,1979-10-15,336.36,
World,OWID_WRL,1979-11-15,337.36,
World,OWID_WRL,1979-12-15,337.89,336.85333
World,OWID_WRL,1980-01-15,338.57,337.02084
World,OWID_WRL,1980-02-15,339.26,337.185
World,OWID_WRL,1980-03-15,339.59,337.3275
World,OWID_WRL,1980-04-15,339.99,337.46667
World,OWID_WRL,1980-05-15,340.44,337.64832
World,OWID_WRL,1980-06-15,339.99,337.86584
World,OWID_WRL,1980-07-15,338.44,338.10583
World,OWID_WRL,1980-08-15,337.21,338.34332
World,OWID_WRL,1980-09-15,337.05,338.5125
World,OWID_WRL,1980-10-15,337.83,338.635
World,OWID_WRL,1980-11-15,338.93,338.76584
World,OWID_WRL,1980-12-15,339.64,338.91165
World,OWID_WRL,1981-01-15,340.18,339.04584
World,OWID_WRL,1981-02-15,340.75,339.16998
World,OWID_WRL,1981-03-15,341.38,339.31915
World,OWID_WRL,1981-04-15,341.68,339.46
World,OWID_WRL,1981-05-15,341.43,339.54248
World,OWID_WRL,1981-06-15,340.63,339.59583
World,OWID_WRL,1981-07-15,339.22,339.66083
World,OWID_WRL,1981-08-15,338.08,339.73334
World,OWID_WRL,1981-09-15,337.98,339.81082
World,OWID_WRL,1981-10-15,339.07,339.91415
World,OWID_WRL,1981-11-15,340.18,340.01834
World,OWID_WRL,1981-12-15,340.75,340.11084
World,OWID_WRL,1982-01-15,341.37,340.21
World,OWID_WRL,1982-02-15,341.95,340.31
World,OWID_WRL,1982-03-15,342.23,340.38083
World,OWID_WRL,1982-04-15,342.52,340.45084
World,OWID_WRL,1982-05-15,342.36,340.52832
World,OWID_WRL,1982-06-15,341.49,340.6
World,OWID_WRL,1982-07-15,339.75,340.64417
World,OWID_WRL,1982-08-15,338.11,340.64667
World,OWID_WRL,1982-09-15,338.16,340.66165
World,OWID_WRL,1982-10-15,339.62,340.7075
World,OWID_WRL,1982-11-15,340.95,340.77167
World,OWID_WRL,1982-12-15,341.77,340.85666
World,OWID_WRL,1983-01-15,342.37,340.94
World,OWID_WRL,1983-02-15,342.74,341.00583
World,OWID_WRL,1983-03-15,343.04,341.07333
World,OWID_WRL,1983-04-15,343.51,341.15582
World,OWID_WRL,1983-05-15,343.84,341.27917
World,OWID_WRL,1983-06-15,343.5,341.44666
World,OWID_WRL,1983-07-15,342.14,341.64584
World,OWID_WRL,1983-08-15,340.62,341.855
World,OWID_WRL,1983-09-15,340.53,342.0525
World,OWID_WRL,1983-10-15,341.75,342.23
World,OWID_WRL,1983-11-15,342.83,342.38666
World,OWID_WRL,1983-12-15,343.49,342.53
World,OWID_WRL,1984-01-15,344.32,342.6925
World,OWID_WRL,1984-02-15,344.82,342.86584
World,OWID_WRL,1984-03-15,344.96,343.02582
World,OWID_WRL,1984-04-15,345.19,343.16583
World,OWID_WRL,1984-05-15,345.33,343.29
World,OWID_WRL,1984-06-15,344.57,343.37915
World,OWID_WRL,1984-07-15,343.2,343.4675
World,OWID_WRL,1984-08-15,342.21,343.6
World,OWID_WRL,1984-09-15,342.13,343.73334
World,OWID_WRL,1984-10-15,342.99,343.83667
World,OWID_WRL,1984-11-15,344.16,343.9475
World,OWID_WRL,1984-12-15,345,344.07333
World,OWID_WRL,1985-01-15,345.35,344.15918
World,OWID_WRL,1985-02-15,345.8,344.24084
World,OWID_WRL,1985-03-15,346.64,344.38083
World,OWID_WRL,1985-04-15,346.94,344.52667
World,OWID_WRL,1985-05-15,346.78,344.6475
World,OWID_WRL,1985-06-15,346.26,344.78833
World,OWID_WRL,1985-07-15,344.92,344.93167
World,OWID_WRL,1985-08-15,343.41,345.03168
World,OWID_WRL,1985-09-15,343.37,345.135
World,OWID_WRL,1985-10-15,344.64,345.2725
World,OWID_WRL,1985-11-15,345.79,345.40833
World,OWID_WRL,1985-12-15,346.55,345.5375
World,OWID_WRL,1986-01-15,347.11,345.68417
World,OWID_WRL,1986-02-15,347.34,345.8125
World,OWID_WRL,1986-03-15,347.71,345.90167
World,OWID_WRL,1986-04-15,348.22,346.00833
World,OWID_WRL,1986-05-15,348.32,346.13666
World,OWID_WRL,1986-06-15,347.76,346.26166
World,OWID_WRL,1986-07-15,346.29,346.37582
World,OWID_WRL,1986-08-15,344.92,346.50168
World,OWID_WRL,1986-09-15,344.86,346.62582
World,OWID_WRL,1986-10-15,346.03,346.74167
World,OWID_WRL,1986-11-15,347.3,346.8675
World,OWID_WRL,1986-12-15,347.76,346.96832
World,OWID_WRL,1987-01-15,348.02,347.04416
World,OWID_WRL,1987-02-15,348.57,347.14667
World,OWID_WRL,1987-03-15,349.29,347.27832
World,OWID_WRL,1987-04-15,349.98,347.425
World,OWID_WRL,1987-05-15,350.26,347.58667
World,OWID_WRL,1987-06-15,349.48,347.73
World,OWID_WRL,1987-07-15,347.86,347.86084
World,OWID_WRL,1987-08-15,346.61,348.00168
World,OWID_WRL,1987-09-15,346.7,348.155
World,OWID_WRL,1987-10-15,347.97,348.31668
World,OWID_WRL,1987-11-15,349.25,348.47916
World,OWID_WRL,1987-12-15,350.21,348.68335
World,OWID_WRL,1988-01-15,350.91,348.92416
World,OWID_WRL,1988-02-15,351.47,349.16583
World,OWID_WRL,1988-03-15,351.85,349.37918
World,OWID_WRL,1988-04-15,352.3,349.5725
World,OWID_WRL,1988-05-15,352.46,349.75583
World,OWID_WRL,1988-06-15,351.76,349.94583
World,OWID_WRL,1988-07-15,350.28,350.1475
World,OWID_WRL,1988-08-15,349.1,350.355
World,OWID_WRL,1988-09-15,349.27,350.56915
World,OWID_WRL,1988-10-15,350.44,350.775
World,OWID_WRL,1988-11-15,351.61,350.97168
World,OWID_WRL,1988-12-15,352.46,351.15918
World,OWID_WRL,1989-01-15,353.01,351.33417
World,OWID_WRL,1989-02-15,353.46,351.5
World,OWID_WRL,1989-03-15,354.01,351.68
World,OWID_WRL,1989-04-15,354.38,351.85333
World,OWID_WRL,1989-05-15,354.19,351.9975
World,OWID_WRL,1989-06-15,353.27,352.12332
World,OWID_WRL,1989-07-15,351.56,352.23
World,OWID_WRL,1989-08-15,350.21,352.3225
World,OWID_WRL,1989-09-15,350.56,352.43
World,OWID_WRL,1989-10-15,351.85,352.5475
World,OWID_WRL,1989-11-15,353.04,352.66666
World,OWID_WRL,1989-12-15,353.91,352.7875
World,OWID_WRL,1990-01-15,354.46,352.90833
World,OWID_WRL,1990-02-15,354.87,353.02582
World,OWID_WRL,1990-03-15,355.2,353.125
World,OWID_WRL,1990-04-15,355.5,353.21832
World,OWID_WRL,1990-05-15,355.4,353.31915
World,OWID_WRL,1990-06-15,354.33,353.4075
World,OWID_WRL,1990-07-15,352.71,353.50333
World,OWID_WRL,1990-08-15,351.59,353.61835
World,OWID_WRL,1990-09-15,351.8,353.72168
World,OWID_WRL,1990-10-15,353.19,353.83334
World,OWID_WRL,1990-11-15,354.43,353.94916
World,OWID_WRL,1990-12-15,355.18,354.055
World,OWID_WRL,1991-01-15,355.76,354.16333
World,OWID_WRL,1991-02-15,356.19,354.27332
World,OWID_WRL,1991-03-15,356.68,354.39667
World,OWID_WRL,1991-04-15,357.19,354.5375
World,OWID_WRL,1991-05-15,357.11,354.68
World,OWID_WRL,1991-06-15,356.17,354.83334
World,OWID_WRL,1991-07-15,354.53,354.985
World,OWID_WRL,1991-08-15,353.05,355.10666
World,OWID_WRL,1991-09-15,352.93,355.20084
World,OWID_WRL,1991-10-15,354,355.26834
World,OWID_WRL,1991-11-15,355.16,355.32916
World,OWID_WRL,1991-12-15,355.95,355.39334
World,OWID_WRL,1992-01-15,356.52,355.45667
World,OWID_WRL,1992-02-15,356.88,355.51416
World,OWID_WRL,1992-03-15,357.26,355.5625
World,OWID_WRL,1992-04-15,357.75,355.60916
World,OWID_WRL,1992-05-15,357.82,355.66833
World,OWID_WRL,1992-06-15,356.87,355.72665
World,OWID_WRL,1992-07-15,355.19,355.78168
World,OWID_WRL,1992-08-15,353.68,355.83417
World,OWID_WRL,1992-09-15,353.58,355.88834
World,OWID_WRL,1992-10-15,354.8,355.955
World,OWID_WRL,1992-11-15,355.98,356.02335
World,OWID_WRL,1992-12-15,356.74,356.08917
World,OWID_WRL,1993-01-15,357.21,356.14667
World,OWID_WRL,1993-02-15,357.55,356.20248
World,OWID_WRL,1993-03-15,357.96,356.26083
World,OWID_WRL,1993-04-15,358.43,356.3175
World,OWID_WRL,1993-05-15,358.38,356.36417
World,OWID_WRL,1993-06-15,357.34,356.40332
World,OWID_WRL,1993-07-15,355.72,356.4475
World,OWID_WRL,1993-08-15,354.44,356.51083
World,OWID_WRL,1993-09-15,354.47,356.585
World,OWID_WRL,1993-10-15,355.71,356.66083
World,OWID_WRL,1993-11-15,356.95,356.74167
World,OWID_WRL,1993-12-15,357.85,356.83417
World,OWID_WRL,1994-01-15,358.48,356.94
World,OWID_WRL,1994-02-15,359.01,357.06168
World,OWID_WRL,1994-03-15,359.36,357.17834
World,OWID_WRL,1994-04-15,359.71,357.285
World,OWID_WRL,1994-05-15,359.74,357.39835
World,OWID_WRL,1994-06-15,358.81,357.52084
World,OWID_WRL,1994-07-15,357.27,357.65
World,OWID_WRL,1994-08-15,356.06,357.785
World,OWID_WRL,1994-09-15,356.02,357.91415
World,OWID_WRL,1994-10-15,357.26,358.04333
World,OWID_WRL,1994-11-15,358.69,358.18832
World,OWID_WRL,1994-12-15,359.55,358.33
World,OWID_WRL,1995-01-15,360.13,358.4675
World,OWID_WRL,1995-02-15,360.61,358.60083
World,OWID_WRL,1995-03-15,361.08,358.74417
World,OWID_WRL,1995-04-15,361.55,358.8975
World,OWID_WRL,1995-05-15,361.47,359.04166
World,OWID_WRL,1995-06-15,360.61,359.19165
World,OWID_WRL,1995-07-15,358.99,359.335
World,OWID_WRL,1995-08-15,357.73,359.47415
World,OWID_WRL,1995-09-15,358.05,359.64334
World,OWID_WRL,1995-10-15,359.42,359.82333
World,OWID_WRL,1995-11-15,360.77,359.99667
World,OWID_WRL,1995-12-15,361.65,360.17166
World,OWID_WRL,1996-01-15,362.14,360.33917
World,OWID_WRL,1996-02-15,362.5,360.49667
World,OWID_WRL,1996-03-15,362.82,360.64166
World,OWID_WRL,1996-04-15,363.14,360.77417
World,OWID_WRL,1996-05-15,363.29,360.92584
World,OWID_WRL,1996-06-15,362.88,361.115
World,OWID_WRL,1996-07-15,361.57,361.33002
World,OWID_WRL,1996-08-15,360.07,361.525
World,OWID_WRL,1996-09-15,359.7,361.6625
World,OWID_WRL,1996-10-15,360.67,361.76666
World,OWID_WRL,1996-11-15,361.78,361.85083
World,OWID_WRL,1996-12-15,362.63,361.9325
World,OWID_WRL,1997-01-15,363.28,362.0275
World,OWID_WRL,1997-02-15,363.65,362.12335
World,OWID_WRL,1997-03-15,364.03,362.22418
World,OWID_WRL,1997-04-15,364.51,362.33835
World,OWID_WRL,1997-05-15,364.51,362.44
World,OWID_WRL,1997-06-15,363.6,362.5
World,OWID_WRL,1997-07-15,361.93,362.53
World,OWID_WRL,1997-08-15,360.41,362.55835
World,OWID_WRL,1997-09-15,360.41,362.6175
World,OWID_WRL,1997-10-15,361.94,362.72333
World,OWID_WRL,1997-11-15,363.61,362.87582
World,OWID_WRL,1997-12-15,364.68,363.04666
World,OWID_WRL,1998-01-15,365.19,363.20584
World,OWID_WRL,1998-02-15,365.46,363.35666
World,OWID_WRL,1998-03-15,365.93,363.515
World,OWID_WRL,1998-04-15,366.58,363.6875
World,OWID_WRL,1998-05-15,366.86,363.88333
World,OWID_WRL,1998-06-15,366.26,364.10498
World,OWID_WRL,1998-07-15,364.84,364.3475
World,OWID_WRL,1998-08-15,363.79,364.62915
World,OWID_WRL,1998-09-15,364.04,364.93167
World,OWID_WRL,1998-10-15,365.34,365.215
World,OWID_WRL,1998-11-15,366.6,365.46417
World,OWID_WRL,1998-12-15,367.47,365.69666
World,OWID_WRL,1999-01-15,368.12,365.94083
World,OWID_WRL,1999-02-15,368.52,366.19583
World,OWID_WRL,1999-03-15,368.91,366.44415
World,OWID_WRL,1999-04-15,369.3,366.67084
World,OWID_WRL,1999-05-15,369.21,366.86667
World,OWID_WRL,1999-06-15,368.36,367.04166
World,OWID_WRL,1999-07-15,366.69,367.19583
World,OWID_WRL,1999-08-15,365.32,367.32333
World,OWID_WRL,1999-09-15,365.44,367.44
World,OWID_WRL,1999-10-15,366.75,367.5575
World,OWID_WRL,1999-11-15,368.05,367.67834
World,OWID_WRL,1999-12-15,368.88,367.79584
World,OWID_WRL,2000-01-15,369.39,367.90167
World,OWID_WRL,2000-02-15,369.65,367.99582
World,OWID_WRL,2000-03-15,369.97,368.08417
World,OWID_WRL,2000-04-15,370.35,368.17166
World,OWID_WRL,2000-05-15,370.24,368.2575
World,OWID_WRL,2000-06-15,369.31,368.33667
World,OWID_WRL,2000-07-15,367.91,368.43832
World,OWID_WRL,2000-08-15,366.76,368.55835
World,OWID_WRL,2000-09-15,366.71,368.66415
World,OWID_WRL,2000-10-15,367.91,368.76083
World,OWID_WRL,2000-11-15,369.28,368.86334
World,OWID_WRL,2000-12-15,370.1,368.965
World,OWID_WRL,2001-01-15,370.69,369.07333
World,OWID_WRL,2001-02-15,371.18,369.20084
World,OWID_WRL,2001-03-15,371.59,369.33585
World,OWID_WRL,2001-04-15,371.9,369.465
World,OWID_WRL,2001-05-15,371.76,369.59167
World,OWID_WRL,2001-06-15,370.82,369.7175
World,OWID_WRL,2001-07-15,369.45,369.84583
World,OWID_WRL,2001-08-15,368.32,369.97583
World,OWID_WRL,2001-09-15,368.36,370.11334
World,OWID_WRL,2001-10-15,369.71,370.26334
World,OWID_WRL,2001-11-15,371.05,370.41083
World,OWID_WRL,2001-12-15,371.97,370.56665
World,OWID_WRL,2002-01-15,372.51,370.71832
World,OWID_WRL,2002-02-15,372.91,370.8625
World,OWID_WRL,2002-03-15,373.38,371.01166
World,OWID_WRL,2002-04-15,373.73,371.16418
World,OWID_WRL,2002-05-15,373.71,371.32666
World,OWID_WRL,2002-06-15,372.84,371.495
World,OWID_WRL,2002-07-15,371.41,371.65833
World,OWID_WRL,2002-08-15,370.35,371.8275
World,OWID_WRL,2002-09-15,370.67,372.02
World,OWID_WRL,2002-10-15,371.95,372.20667
World,OWID_WRL,2002-11-15,373.28,372.39252
World,OWID_WRL,2002-12-15,374.26,372.58334
World,OWID_WRL,2003-01-15,374.94,372.78583
World,OWID_WRL,2003-02-15,375.47,372.99918
World,OWID_WRL,2003-03-15,375.92,373.21085
World,OWID_WRL,2003-04-15,376.4,373.43335
World,OWID_WRL,2003-05-15,376.55,373.67
World,OWID_WRL,2003-06-15,375.72,373.91
World,OWID_WRL,2003-07-15,374.17,374.14
World,OWID_WRL,2003-08-15,372.93,374.355
World,OWID_WRL,2003-09-15,373.11,374.55835
World,OWID_WRL,2003-10-15,374.39,374.76166
World,OWID_WRL,2003-11-15,375.67,374.96085
World,OWID_WRL,2003-12-15,376.53,375.15
World,OWID_WRL,2004-01-15,377.21,375.33917
World,OWID_WRL,2004-02-15,377.73,375.5275
World,OWID_WRL,2004-03-15,378.16,375.71417
World,OWID_WRL,2004-04-15,378.47,375.88666
World,OWID_WRL,2004-05-15,378.4,376.04083
World,OWID_WRL,2004-06-15,377.51,376.19
World,OWID_WRL,2004-07-15,375.96,376.33917
World,OWID_WRL,2004-08-15,374.49,376.46918
World,OWID_WRL,2004-09-15,374.39,376.57584
World,OWID_WRL,2004-10-15,375.73,376.6875
World,OWID_WRL,2004-11-15,377.2,376.815
World,OWID_WRL,2004-12-15,378.17,376.95166
World,OWID_WRL,2005-01-15,378.73,377.07834
World,OWID_WRL,2005-02-15,379.27,377.20667
World,OWID_WRL,2005-03-15,379.87,377.34918
World,OWID_WRL,2005-04-15,380.32,377.50333
World,OWID_WRL,2005-05-15,380.42,377.67166
World,OWID_WRL,2005-06-15,379.6,377.84583
World,OWID_WRL,2005-07-15,377.94,378.01083
World,OWID_WRL,2005-08-15,376.73,378.1975
World,OWID_WRL,2005-09-15,376.76,378.39502
World,OWID_WRL,2005-10-15,378.07,378.59
World,OWID_WRL,2005-11-15,379.53,378.78418
World,OWID_WRL,2005-12-15,380.53,378.98083
World,OWID_WRL,2006-01-15,381.33,379.1975
World,OWID_WRL,2006-02-15,381.95,379.42084
World,OWID_WRL,2006-03-15,382.34,379.62668
World,OWID_WRL,2006-04-15,382.67,379.8225
World,OWID_WRL,2006-05-15,382.63,380.00668
World,OWID_WRL,2006-06-15,381.76,380.18668
World,OWID_WRL,2006-07-15,380.07,380.36417
World,OWID_WRL,2006-08-15,378.49,380.51083
World,OWID_WRL,2006-09-15,378.63,380.66666
World,OWID_WRL,2006-10-15,380.08,380.83417
World,OWID_WRL,2006-11-15,381.44,380.99335
World,OWID_WRL,2006-12-15,382.39,381.14835
World,OWID_WRL,2007-01-15,383.03,381.29
World,OWID_WRL,2007-02-15,383.55,381.42334
World,OWID_WRL,2007-03-15,384.02,381.56332
World,OWID_WRL,2007-04-15,384.28,381.6975
World,OWID_WRL,2007-05-15,384.13,381.8225
World,OWID_WRL,2007-06-15,383.26,381.9475
World,OWID_WRL,2007-07-15,381.55,382.07083
World,OWID_WRL,2007-08-15,380.29,382.22083
World,OWID_WRL,2007-09-15,380.68,382.39166
World,OWID_WRL,2007-10-15,382.1,382.56
World,OWID_WRL,2007-11-15,383.45,382.7275
World,OWID_WRL,2007-12-15,384.46,382.9
World,OWID_WRL,2008-01-15,385.23,383.08334
World,OWID_WRL,2008-02-15,385.74,383.26584
World,OWID_WRL,2008-03-15,386.15,383.44333
World,OWID_WRL,2008-04-15,386.53,383.63083
World,OWID_WRL,2008-05-15,386.49,383.8275
World,OWID_WRL,2008-06-15,385.58,384.02084
World,OWID_WRL,2008-07-15,384.1,384.23334
World,OWID_WRL,2008-08-15,382.77,384.44
World,OWID_WRL,2008-09-15,382.54,384.595
World,OWID_WRL,2008-10-15,383.67,384.72583
World,OWID_WRL,2008-11-15,385.18,384.87
World,OWID_WRL,2008-12-15,386.27,385.02084
World,OWID_WRL,2009-01-15,387.03,385.17084
World,OWID_WRL,2009-02-15,387.48,385.31583
World,OWID_WRL,2009-03-15,387.71,385.44583
World,OWID_WRL,2009-04-15,387.99,385.5675
World,OWID_WRL,2009-05-15,387.95,385.68918
World,OWID_WRL,2009-06-15,386.96,385.80417
World,OWID_WRL,2009-07-15,385.01,385.88
World,OWID_WRL,2009-08-15,383.63,385.95166
World,OWID_WRL,2009-09-15,383.93,386.0675
World,OWID_WRL,2009-10-15,385.49,386.21918
World,OWID_WRL,2009-11-15,386.94,386.36584
World,OWID_WRL,2009-12-15,387.84,386.49667
World,OWID_WRL,2010-01-15,388.62,386.62915
World,OWID_WRL,2010-02-15,389.33,386.78333
World,OWID_WRL,2010-03-15,389.68,386.9475
World,OWID_WRL,2010-04-15,389.98,387.11334
World,OWID_WRL,2010-05-15,389.95,387.28
World,OWID_WRL,2010-06-15,389.01,387.45084
World,OWID_WRL,2010-07-15,387.35,387.64584
World,OWID_WRL,2010-08-15,386.23,387.8625
World,OWID_WRL,2010-09-15,386.7,388.09332
World,OWID_WRL,2010-10-15,388.25,388.32333
World,OWID_WRL,2010-11-15,389.62,388.54666
World,OWID_WRL,2010-12-15,390.34,388.755
World,OWID_WRL,2011-01-15,390.85,388.94083
World,OWID_WRL,2011-02-15,391.28,389.10333
World,OWID_WRL,2011-03-15,391.67,389.26917
World,OWID_WRL,2011-04-15,392.05,389.44168
World,OWID_WRL,2011-05-15,392.07,389.61835
World,OWID_WRL,2011-06-15,391.13,389.795
World,OWID_WRL,2011-07-15,389.19,389.94833
World,OWID_WRL,2011-08-15,387.86,390.08417
World,OWID_WRL,2011-09-15,388.26,390.21417
World,OWID_WRL,2011-10-15,389.83,390.34583
World,OWID_WRL,2011-11-15,391.2,390.4775
World,OWID_WRL,2011-12-15,392.04,390.61917
World,OWID_WRL,2012-01-15,392.61,390.76584
World,OWID_WRL,2012-02-15,393.2,390.92584
World,OWID_WRL,2012-03-15,393.72,391.09668
World,OWID_WRL,2012-04-15,393.99,391.25833
World,OWID_WRL,2012-05-15,393.88,391.40918
World,OWID_WRL,2012-06-15,392.84,391.55167
World,OWID_WRL,2012-07-15,391,391.7025
World,OWID_WRL,2012-08-15,389.89,391.87167
World,OWID_WRL,2012-09-15,390.55,392.0625
World,OWID_WRL,2012-10-15,392.16,392.25665
World,OWID_WRL,2012-11-15,393.56,392.45334
World,OWID_WRL,2012-12-15,394.39,392.64917
World,OWID_WRL,2013-01-15,395.07,392.85416
World,OWID_WRL,2013-02-15,395.69,393.06168
World,OWID_WRL,2013-03-15,396.29,393.27585
World,OWID_WRL,2013-04-15,396.74,393.505
World,OWID_WRL,2013-05-15,396.75,393.74417
World,OWID_WRL,2013-06-15,395.96,394.00418
World,OWID_WRL,2013-07-15,394.47,394.29333
World,OWID_WRL,2013-08-15,393.24,394.5725
World,OWID_WRL,2013-09-15,393.21,394.79416
World,OWID_WRL,2013-10-15,394.51,394.99
World,OWID_WRL,2013-11-15,395.97,395.19083
World,OWID_WRL,2013-12-15,396.88,395.39835
World,OWID_WRL,2014-01-15,397.51,395.60165
World,OWID_WRL,2014-02-15,397.97,395.79166
World,OWID_WRL,2014-03-15,398.27,395.95667
World,OWID_WRL,2014-04-15,398.63,396.11417
World,OWID_WRL,2014-05-15,398.69,396.27582
World,OWID_WRL,2014-06-15,397.72,396.4225
World,OWID_WRL,2014-07-15,396.13,396.56082
World,OWID_WRL,2014-08-15,395.02,396.70917
World,OWID_WRL,2014-09-15,395.12,396.86835
World,OWID_WRL,2014-10-15,396.38,397.02417
World,OWID_WRL,2014-11-15,397.86,397.18167
World,OWID_WRL,2014-12-15,398.84,397.345
World,OWID_WRL,2015-01-15,399.56,397.51584
World,OWID_WRL,2015-02-15,400.12,397.695
World,OWID_WRL,2015-03-15,400.57,397.88666
World,OWID_WRL,2015-04-15,400.96,398.08084
World,OWID_WRL,2015-05-15,400.91,398.26584
World,OWID_WRL,2015-06-15,400.06,398.46082
World,OWID_WRL,2015-07-15,398.38,398.64832
World,OWID_WRL,2015-08-15,397.07,398.81915
World,OWID_WRL,2015-09-15,397.34,399.00415
World,OWID_WRL,2015-10-15,398.8,399.20584
World,OWID_WRL,2015-11-15,400.36,399.41415
World,OWID_WRL,2015-12-15,401.66,399.64917
World,OWID_WRL,2016-01-15,402.61,399.90332
World,OWID_WRL,2016-02-15,403.25,400.16415
World,OWID_WRL,2016-03-15,403.84,400.43668
World,OWID_WRL,2016-04-15,404.36,400.72
World,OWID_WRL,2016-05-15,404.4,401.01083
World,OWID_WRL,2016-06-15,403.62,401.3075
World,OWID_WRL,2016-07-15,402.1,401.6175
World,OWID_WRL,2016-08-15,400.78,401.92667
World,OWID_WRL,2016-09-15,400.95,402.2275
World,OWID_WRL,2016-10-15,402.4,402.5275
World,OWID_WRL,2016-11-15,403.76,402.81082
World,OWID_WRL,2016-12-15,404.67,403.06168
World,OWID_WRL,2017-01-15,405.33,403.28833
World,OWID_WRL,2017-02-15,405.91,403.51
World,OWID_WRL,2017-03-15,406.32,403.71667
World,OWID_WRL,2017-04-15,406.6,403.90332
World,OWID_WRL,2017-05-15,406.64,404.09
World,OWID_WRL,2017-06-15,405.85,404.27585
World,OWID_WRL,2017-07-15,404.11,404.44333
World,OWID_WRL,2017-08-15,402.57,404.5925
World,OWID_WRL,2017-09-15,402.66,404.73502
World,OWID_WRL,2017-10-15,404.16,404.88168
World,OWID_WRL,2017-11-15,405.7,405.04333
World,OWID_WRL,2017-12-15,406.75,405.21667
World,OWID_WRL,2018-01-15,407.53,405.4
World,OWID_WRL,2018-02-15,408.23,405.59332
World,OWID_WRL,2018-03-15,408.77,405.79752
World,OWID_WRL,2018-04-15,409.07,406.00333
World,OWID_WRL,2018-05-15,408.93,406.19415
World,OWID_WRL,2018-06-15,408.06,406.37833
World,OWID_WRL,2018-07-15,406.49,406.57666
World,OWID_WRL,2018-08-15,405.11,406.78833
World,OWID_WRL,2018-09-15,405.18,406.99832
World,OWID_WRL,2018-10-15,406.65,407.20584
World,OWID_WRL,2018-11-15,408.12,407.4075
World,OWID_WRL,2018-12-15,409.19,407.61084
World,OWID_WRL,2019-01-15,409.92,407.81
World,OWID_WRL,2019-02-15,410.34,407.98584
World,OWID_WRL,2019-03-15,410.89,408.1625
World,OWID_WRL,2019-04-15,411.33,408.35083
World,OWID_WRL,2019-05-15,411.34,408.55167
World,OWID_WRL,2019-06-15,410.53,408.7575
World,OWID_WRL,2019-07-15,408.88,408.95667
World,OWID_WRL,2019-08-15,407.65,409.16833
World,OWID_WRL,2019-09-15,407.92,409.39667
World,OWID_WRL,2019-10-15,409.44,409.62918
World,OWID_WRL,2019-11-15,410.87,409.85834
World,OWID_WRL,2019-12-15,411.76,410.0725
World,OWID_WRL,2020-01-15,412.43,410.28168
World,OWID_WRL,2020-02-15,412.95,410.49918
World,OWID_WRL,2020-03-15,413.44,410.71167
World,OWID_WRL,2020-04-15,413.86,410.9225
World,OWID_WRL,2020-05-15,413.81,411.12833
World,OWID_WRL,2020-06-15,412.88,411.32416
World,OWID_WRL,2020-07-15,411.17,411.515
World,OWID_WRL,2020-08-15,409.73,411.68832
World,OWID_WRL,2020-09-15,410,411.86166
World,OWID_WRL,2020-10-15,411.66,412.04666
World,OWID_WRL,2020-11-15,413.25,412.245
World,OWID_WRL,2020-12-15,414.14,412.44333
World,OWID_WRL,2021-01-15,414.74,412.63583
World,OWID_WRL,2021-02-15,415.2,412.82333
World,OWID_WRL,2021-03-15,415.49,412.99417
World,OWID_WRL,2021-04-15,415.81,413.15668
World,OWID_WRL,2021-05-15,416.01,413.34
World,OWID_WRL,2021-06-15,415.2,413.53333
World,OWID_WRL,2021-07-15,413.45,413.72333
World,OWID_WRL,2021-08-15,412.15,413.925
World,OWID_WRL,2021-09-15,412.38,414.12335
World,OWID_WRL,2021-10-15,413.83,414.30417
World,OWID_WRL,2021-11-15,415.58,414.49832
World,OWID_WRL,2021-12-15,416.61,414.70416
World,OWID_WRL,2022-01-15,417.18,414.9075
World,OWID_WRL,2022-02-15,417.64,415.11084
World,OWID_WRL,2022-03-15,418.16,415.33334
World,OWID_WRL,2022-04-15,418.58,415.56418
World,OWID_WRL,2022-05-15,418.45,415.7675
World,OWID_WRL,2022-06-15,417.43,415.95334
World,OWID_WRL,2022-07-15,415.68,416.13916
World,OWID_WRL,2022-08-15,414.4,416.32666
World,OWID_WRL,2022-09-15,414.62,416.51334
World,OWID_WRL,2022-10-15,416.13,416.705
World,OWID_WRL,2022-11-15,417.81,416.89084
World,OWID_WRL,2022-12-15,418.85,417.0775
World,OWID_WRL,2023-01-15,419.33,417.25665
World,OWID_WRL,2023-02-15,419.65,417.42416
World,OWID_WRL,2023-03-15,419.99,417.57666
World,OWID_WRL,2023-04-15,420.45,417.73248
World,OWID_WRL,2023-05-15,420.49,417.9025
World,OWID_WRL,2023-06-15,419.53,418.07748
World,OWID_WRL,2023-07-15,417.9,418.2625
World,OWID_WRL,2023-08-15,416.72,418.45584
World,OWID_WRL,2023-09-15,417.1,418.6625
World,OWID_WRL,2023-10-15,418.76,418.88165
World,OWID_WRL,2023-11-15,420.34,419.0925
World,OWID_WRL,2023-12-15,421.51,419.31418
World,OWID_WRL,2024-01-15,422.21,419.55417
World,OWID_WRL,2024-02-15,422.68,419.80667
World,OWID_WRL,2024-03-15,423.23,420.07666
World,OWID_WRL,2024-04-15,423.72,420.34918
World,OWID_WRL,2024-05-15,423.81,420.62582
World,OWID_WRL,2024-06-15,423.11,420.92416
World,OWID_WRL,2024-07-15,421.45,421.22
World,OWID_WRL,2024-08-15,419.92,421.48666